id|announcement|league
1|massa. Mauris vestibulum, neque sed dictum eleifend, nunc risus varius| 
2|urna. Vivamus molestie dapibus ligula. Aliquam erat volutpat. Nulla dignissim.| 
3|Ut nec urna et arcu imperdiet ullamcorper. Duis at lacus.| 
4|sed sem egestas blandit. Nam nulla magna, malesuada vel, convallis| 
5|dis parturient montes, nascetur ridiculus mus. Proin vel arcu eu| 
6|sit amet metus. Aliquam erat volutpat. Nulla facilisis. Suspendisse commodo| 
7|Donec fringilla. Donec feugiat metus sit amet ante. Vivamus non| 
8|sagittis semper. Nam tempor diam dictum sapien. Aenean massa. Integer| 
9|sit amet, consectetuer adipiscing elit. Etiam laoreet, libero et tristique| 
10|commodo hendrerit. Donec porttitor tellus non magna. Nam ligula elit,| 
11|In faucibus. Morbi vehicula. Pellentesque tincidunt tempus risus. Donec egestas.| 
12|tellus. Phasellus elit pede, malesuada vel, venenatis vel, faucibus id,| 
13|metus. In nec orci. Donec nibh. Quisque nonummy ipsum non| 
14|Proin ultrices. Duis volutpat nunc sit amet metus. Aliquam erat| 
15|Morbi quis urna. Nunc quis arcu vel quam dignissim pharetra.| 
16|aliquet nec, imperdiet nec, leo. Morbi neque tellus, imperdiet non,| 
17|semper egestas, urna justo faucibus lectus, a sollicitudin orci sem| 
18|in magna. Phasellus dolor elit, pellentesque a, facilisis non, bibendum| 
19|tincidunt. Donec vitae erat vel pede blandit congue. In scelerisque| 
20|aliquet lobortis, nisi nibh lacinia orci, consectetuer euismod est arcu| 
21|nunc risus varius orci, in consequat enim diam vel arcu.| 
22|in sodales elit erat vitae risus. Duis a mi fringilla| 
23|Pellentesque ut ipsum ac mi eleifend egestas. Sed pharetra, felis| 
24|mauris. Suspendisse aliquet molestie tellus. Aenean egestas hendrerit neque. In| 
25|velit eget laoreet posuere, enim nisl elementum purus, accumsan interdum| 
26|Proin sed turpis nec mauris blandit mattis. Cras eget nisi| 
27|Sed eget lacus. Mauris non dui nec urna suscipit nonummy.| 
28|eros nec tellus. Nunc lectus pede, ultrices a, auctor non,| 
29|dictum eu, placerat eget, venenatis a, magna. Lorem ipsum dolor| 
30|Cum sociis natoque penatibus et magnis dis parturient montes, nascetur| 
31|semper rutrum. Fusce dolor quam, elementum at, egestas a, scelerisque| 
32|viverra. Maecenas iaculis aliquet diam. Sed diam lorem, auctor quis,| 
33|Proin nisl sem, consequat nec, mollis vitae, posuere at, velit.| 
34|ipsum ac mi eleifend egestas. Sed pharetra, felis eget varius| 
35|lobortis ultrices. Vivamus rhoncus. Donec est. Nunc ullamcorper, velit in| 
36|sem elit, pharetra ut, pharetra sed, hendrerit a, arcu. Sed| 
37|Cras interdum. Nunc sollicitudin commodo ipsum. Suspendisse non leo. Vivamus| 
38|egestas. Aliquam nec enim. Nunc ut erat. Sed nunc est,| 
39|Nunc mauris sapien, cursus in, hendrerit consectetuer, cursus et, magna.| 
40|mauris eu elit. Nulla facilisi. Sed neque. Sed eget lacus.| 
41|Donec nibh enim, gravida sit amet, dapibus id, blandit at,| 
42|Mauris vestibulum, neque sed dictum eleifend, nunc risus varius orci,| 
43|Ut sagittis lobortis mauris. Suspendisse aliquet molestie tellus. Aenean egestas| 
44|Lorem ipsum dolor sit amet, consectetuer adipiscing elit. Etiam laoreet,| 
45|nec, diam. Duis mi enim, condimentum eget, volutpat ornare, facilisis| 
46|Nunc commodo auctor velit. Aliquam nisl. Nulla eu neque pellentesque| 
47|posuere vulputate, lacus. Cras interdum. Nunc sollicitudin commodo ipsum. Suspendisse| 
48|non ante bibendum ullamcorper. Duis cursus, diam at pretium aliquet,| 
49|ac sem ut dolor dapibus gravida. Aliquam tincidunt, nunc ac| 
50|In lorem. Donec elementum, lorem ut aliquam iaculis, lacus pede| 
51|nec enim. Nunc ut erat. Sed nunc est, mollis non,| 
52|cursus et, eros. Proin ultrices. Duis volutpat nunc sit amet| 
53|Morbi vehicula. Pellentesque tincidunt tempus risus. Donec egestas. Duis ac| 
54|mi. Duis risus odio, auctor vitae, aliquet nec, imperdiet nec,| 
55|Integer urna. Vivamus molestie dapibus ligula. Aliquam erat volutpat. Nulla| 
56|Proin eget odio. Aliquam vulputate ullamcorper magna. Sed eu eros.| 
57|egestas. Fusce aliquet magna a neque. Nullam ut nisi a| 
58|amet ante. Vivamus non lorem vitae odio sagittis semper. Nam| 
59|eleifend non, dapibus rutrum, justo. Praesent luctus. Curabitur egestas nunc| 
60|Duis gravida. Praesent eu nulla at sem molestie sodales. Mauris| 
61|ut dolor dapibus gravida. Aliquam tincidunt, nunc ac mattis ornare,| 
62|turpis nec mauris blandit mattis. Cras eget nisi dictum augue| 
63|purus gravida sagittis. Duis gravida. Praesent eu nulla at sem| 
64|Integer tincidunt aliquam arcu. Aliquam ultrices iaculis odio. Nam interdum| 
65|arcu. Aliquam ultrices iaculis odio. Nam interdum enim non nisi.| 
66|nisl. Nulla eu neque pellentesque massa lobortis ultrices. Vivamus rhoncus.| 
67|ut dolor dapibus gravida. Aliquam tincidunt, nunc ac mattis ornare,| 
68|Quisque libero lacus, varius et, euismod et, commodo at, libero.| 
69|quam vel sapien imperdiet ornare. In faucibus. Morbi vehicula. Pellentesque| 
70|nec orci. Donec nibh. Quisque nonummy ipsum non arcu. Vivamus| 
71|dignissim tempor arcu. Vestibulum ut eros non enim commodo hendrerit.| 
72|semper rutrum. Fusce dolor quam, elementum at, egestas a, scelerisque| 
73|et, rutrum eu, ultrices sit amet, risus. Donec nibh enim,| 
74|urna. Nunc quis arcu vel quam dignissim pharetra. Nam ac| 
75|lectus sit amet luctus vulputate, nisi sem semper erat, in| 
76|felis. Nulla tempor augue ac ipsum. Phasellus vitae mauris sit| 
77|Cras dolor dolor, tempus non, lacinia at, iaculis quis, pede.| 
78|augue scelerisque mollis. Phasellus libero mauris, aliquam eu, accumsan sed,| 
79|amet lorem semper auctor. Mauris vel turpis. Aliquam adipiscing lobortis| 
80|Sed molestie. Sed id risus quis diam luctus lobortis. Class| 
81|semper pretium neque. Morbi quis urna. Nunc quis arcu vel| 
82|Mauris ut quam vel sapien imperdiet ornare. In faucibus. Morbi| 
83|adipiscing lobortis risus. In mi pede, nonummy ut, molestie in,| 
84|erat, eget tincidunt dui augue eu tellus. Phasellus elit pede,| 
85|metus. Aenean sed pede nec ante blandit viverra. Donec tempus,| 
86|Aliquam rutrum lorem ac risus. Morbi metus. Vivamus euismod urna.| 
87|libero. Donec consectetuer mauris id sapien. Cras dolor dolor, tempus| 
88|enim nec tempus scelerisque, lorem ipsum sodales purus, in molestie| 
89|Duis a mi fringilla mi lacinia mattis. Integer eu lacus.| 
90|porttitor scelerisque neque. Nullam nisl. Maecenas malesuada fringilla est. Mauris| 
91|Mauris ut quam vel sapien imperdiet ornare. In faucibus. Morbi| 
92|blandit mattis. Cras eget nisi dictum augue malesuada malesuada. Integer| 
93|Nulla interdum. Curabitur dictum. Phasellus in felis. Nulla tempor augue| 
94|urna. Ut tincidunt vehicula risus. Nulla eget metus eu erat| 
95|sem. Nulla interdum. Curabitur dictum. Phasellus in felis. Nulla tempor| 
96|lorem, eget mollis lectus pede et risus. Quisque libero lacus,| 
97|nulla. Integer urna. Vivamus molestie dapibus ligula. Aliquam erat volutpat.| 
98|mi fringilla mi lacinia mattis. Integer eu lacus. Quisque imperdiet,| 
99|aliquet libero. Integer in magna. Phasellus dolor elit, pellentesque a,| 
100|metus urna convallis erat, eget tincidunt dui augue eu tellus.| 