id|user_name|password
1|et@lorem.com|password
2|consectetuer.adipiscing@Aliquamauctorvelit.net|password
3|non.dapibus.rutrum@nonummyultriciesornare.org|password
4|libero@Quisquefringilla.com|password
5|imperdiet.dictum.magna@faucibusut.edu|password
6|mollis@penatibus.com|password
7|Nulla.tempor.augue@quam.org|password
8|et.magnis.dis@dignissimpharetraNam.edu|password
9|enim.commodo.hendrerit@scelerisquescelerisquedui.edu|password
10|auctor.odio@risusNuncac.net|password
11|consectetuer.mauris@Sedmolestie.co.uk|password
12|consectetuer.ipsum.nunc@eu.net|password
13|non@iaculisaliquetdiam.net|password
14|aliquet.sem.ut@ipsumSuspendissesagittis.com|password
15|ut@enimgravida.com|password
16|nec.tempus@vitae.net|password
17|magna.malesuada@imperdietornareIn.co.uk|password
18|nulla.Donec@cursus.edu|password
19|eu.dui.Cum@elementumduiquis.co.uk|password
20|a@sit.co.uk|password
21|lacinia.vitae.sodales@blanditcongue.ca|password
22|sit@dolor.edu|password
23|a@Quisquevarius.co.uk|password
24|Nam.consequat@utmolestie.net|password
25|Proin@volutpat.org|password
26|vitae.nibh.Donec@cursusdiamat.edu|password
27|at.fringilla@vestibulummassarutrum.com|password
28|arcu.Nunc.mauris@Suspendissesed.co.uk|password
29|magna.sed.dui@velitegetlaoreet.co.uk|password
30|libero@tempusrisus.edu|password
31|facilisis.magna.tellus@afeugiat.net|password
32|Donec@euaccumsansed.net|password
33|mollis.vitae@Nullamvitae.com|password
34|tristique@CurabiturdictumPhasellus.com|password
35|cubilia.Curae.Donec@cubilia.com|password
36|et.magnis@aliquetdiamSed.co.uk|password
37|Integer.sem@Curabiturconsequat.com|password
38|per.inceptos@Sedcongueelit.edu|password
39|et@Nullam.edu|password
40|Vivamus@et.ca|password
41|nonummy.ac@enimsitamet.co.uk|password
42|consequat@netus.co.uk|password
43|tempor.diam.dictum@risus.com|password
44|eu.eleifend@nibhsitamet.edu|password
45|non.luctus.sit@Nullatinciduntneque.org|password
46|pede@porttitorscelerisque.edu|password
47|pede.malesuada@penatibus.ca|password
48|amet.orci@Quisquevarius.com|password
49|interdum.Sed@mi.net|password
50|Quisque@mollisDuissit.ca|password
51|lorem.luctus@arcu.net|password
52|Duis.gravida.Praesent@erosnectellus.co.uk|password
53|semper@vitaealiquam.edu|password
54|amet.lorem@ac.co.uk|password
55|venenatis@egestasSedpharetra.ca|password
56|erat.Vivamus@gravidamolestiearcu.com|password
57|Aenean.eget@fringillaDonecfeugiat.co.uk|password
58|amet.consectetuer@dignissim.edu|password
59|euismod@Aliquam.edu|password
60|non.lobortis.quis@placerat.org|password
61|ultricies@massaSuspendisseeleifend.ca|password
62|ligula.Nullam@Maecenasmalesuada.com|password
63|mauris.Integer.sem@lorem.net|password
64|Nullam@Ut.edu|password
65|ac.eleifend.vitae@nunc.ca|password
66|tellus.eu.augue@quamvelsapien.org|password
67|tellus.Aenean.egestas@facilisis.org|password
68|mus.Donec@laoreetliberoet.com|password
69|ut@Proin.co.uk|password
70|In.scelerisque@nisiAenean.ca|password
71|rutrum.lorem.ac@euodioPhasellus.com|password
72|ante.Vivamus@justo.org|password
73|mauris@parturient.com|password
74|cursus.Nunc.mauris@enimcommodohendrerit.net|password
75|mattis.velit.justo@turpisAliquamadipiscing.com|password
76|auctor.quis.tristique@vel.org|password
77|diam.luctus.lobortis@mi.net|password
78|Aenean@ut.co.uk|password
79|tempor@feugiatSed.org|password
80|non.nisi.Aenean@quam.com|password
81|dapibus.ligula.Aliquam@Aliquam.net|password
82|neque.sed.dictum@tristiquesenectuset.edu|password
83|ipsum.Suspendisse@laoreetipsumCurabitur.ca|password
84|Aenean.gravida.nunc@etmagnaPraesent.com|password
85|molestie@Donecelementumlorem.edu|password
86|magna@a.edu|password
87|orci.Ut.semper@Cras.net|password
88|non.massa@sollicitudinadipiscing.co.uk|password
89|commodo.at.libero@etultrices.ca|password
90|varius.Nam@Nullam.org|password
91|sit.amet@imperdietornareIn.co.uk|password
92|nibh@Sedneque.net|password
93|pellentesque@ideratEtiam.net|password
94|blandit.viverra@antelectusconvallis.net|password
95|dui@porttitorscelerisque.org|password
96|odio@urnaetarcu.co.uk|password
97|sollicitudin.orci@odioapurus.net|password
98|Mauris.magna@felis.org|password
99|mauris.Suspendisse.aliquet@ipsumprimisin.edu|password
100|eget.nisi@Namacnulla.edu|password